"day","event","actor","recipient"
1,1,"A","J"
1,2,"A","D"
1,3,"A","D"
1,4,"A","E"
1,5,"A","J"
1,6,"A","H"
1,7,"E","I"
1,8,"A","E"
1,9,"A","H"
1,10,"A","B"
1,11,"A","I"
1,12,"A","B"
1,13,"A","K"
2,1,"A","D"
2,2,"A","H"
2,3,"A","H"
2,4,"A","H"
2,5,"A","H"
2,6,"A","H"
2,7,"A","H"
2,8,"A","H"
2,9,"A","E"
2,10,"A","H"
2,11,"A","E"
2,12,"A","B"
2,13,"A","K"
2,14,"A","J"
2,15,"A","C"
2,16,"A","K"
2,17,"F","C"
2,18,"A","F"
2,19,"A","J"
2,20,"A","B"
2,21,"A","I"
2,22,"A","G"
2,23,"B","I"
2,24,"A","G"
2,25,"A","I"
2,26,"A","J"
2,27,"A","B"
2,28,"A","E"
2,29,"A","B"
2,30,"A","E"
2,31,"A","B"
2,32,"A","B"
2,33,"A","E"
2,34,"B","J"
2,35,"A","H"
2,36,"E","I"
2,37,"B","J"
2,38,"B","K"
2,39,"B","C"
2,40,"B","J"
2,41,"B","I"
2,42,"C","J"
2,43,"C","I"
2,44,"C","E"
2,45,"C","I"
2,46,"B","E"
2,47,"A","J"
2,48,"A","C"
2,49,"J","A"
2,50,"A","F"
2,51,"A","B"
2,52,"B","G"
2,53,"A","G"
2,54,"A","J"
2,55,"F","J"
2,56,"B","J"
2,57,"B","F"
2,58,"B","J"
2,59,"B","E"
2,60,"B","J"
2,61,"D","E"
2,62,"B","J"
2,63,"J","I"
2,64,"C","B"
2,65,"C","E"
2,66,"C","G"
2,67,"C","F"
2,68,"F","J"
2,69,"B","J"
2,70,"E","J"
2,71,"A","B"
2,72,"A","I"
2,73,"G","E"
2,74,"A","B"
2,75,"A","G"
2,76,"A","J"
2,77,"A","H"
2,78,"B","J"
2,79,"A","B"
2,80,"A","F"
2,81,"A","H"
2,82,"B","I"
2,83,"B","J"
2,84,"B","J"
2,85,"G","E"
2,86,"A","H"
2,87,"B","E"
2,88,"B","G"
2,89,"A","B"
2,90,"A","J"
2,91,"B","J"
2,92,"A","E"
2,93,"A","B"
2,94,"A","B"
2,95,"A","J"
2,96,"B","J"
2,97,"B","F"
2,98,"A","F"
2,99,"A","B"
2,100,"B","H"
2,101,"A","B"
2,102,"H","B"
2,103,"A","H"
2,104,"A","B"
2,105,"K","J"
2,106,"B","K"
2,107,"B","H"
2,108,"A","K"
2,109,"F","K"
2,110,"B","F"
2,111,"B","I"
2,112,"A","I"
2,113,"A","F"
2,114,"K","J"
2,115,"G","B"
2,116,"A","K"
2,117,"B","H"
2,118,"E","J"
2,119,"A","E"
2,120,"A","J"
2,121,"A","E"
2,122,"A","E"
2,123,"A","C"
2,124,"A","D"
2,125,"A","I"
2,126,"A","D"
2,127,"B","I"
2,128,"A","F"
2,129,"A","B"
2,130,"A","B"
2,131,"A","I"
2,132,"B","F"
2,133,"B","F"
2,134,"B","F"
2,135,"A","B"
2,136,"A","B"
2,137,"A","C"
2,138,"A","F"
2,139,"A","F"
2,140,"A","D"
2,141,"A","B"
2,142,"H","F"
2,143,"F","H"
2,144,"F","I"
2,145,"F","I"
2,146,"F","I"
2,147,"F","I"
2,148,"F","I"
2,149,"F","I"
2,150,"H","F"
2,151,"H","F"
2,152,"H","I"
2,153,"I","K"
2,154,"F","I"
2,155,"A","F"
2,156,"A","F"
2,157,"A","E"
2,158,"A","I"
2,159,"A","E"
2,160,"A","F"
2,161,"A","E"
2,162,"A","K"
2,163,"A","E"
2,164,"A","I"
2,165,"A","F"
2,166,"A","B"
2,167,"A","B"
3,1,"B","J"
3,2,"B","G"
3,3,"B","G"
3,4,"B","J"
3,5,"B","D"
3,6,"B","D"
3,7,"B","J"
3,8,"B","F"
3,9,"B","J"
3,10,"B","E"
3,11,"B","J"
3,12,"A","I"
3,13,"A","J"
3,14,"A","B"
3,15,"A","I"
3,16,"A","I"
3,17,"A","H"
3,18,"A","K"
3,19,"A","H"
3,20,"J","K"
3,21,"A","J"
3,22,"A","J"
3,23,"A","H"
3,24,"A","H"
3,25,"A","I"
3,26,"A","I"
3,27,"A","I"
3,28,"A","J"
3,29,"A","I"
3,30,"A","B"
3,31,"A","K"
3,32,"A","B"
3,33,"B","E"
3,34,"A","B"
3,35,"A","E"
3,36,"A","B"
3,37,"B","K"
3,38,"A","I"
3,39,"B","E"
3,40,"B","K"
3,41,"A","J"
3,42,"B","K"
3,43,"A","H"
3,44,"A","E"
3,45,"B","E"
3,46,"A","B"
3,47,"A","H"
3,48,"A","E"
3,49,"A","H"
3,50,"A","G"
3,51,"A","B"
3,52,"A","C"
3,53,"A","H"
3,54,"F","E"
3,55,"A","B"
3,56,"B","F"
3,57,"B","F"
3,58,"A","I"
3,59,"A","H"
3,60,"A","I"
3,61,"A","I"
3,62,"B","G"
3,63,"B","G"
3,64,"F","A"
3,65,"B","F"
3,66,"B","D"
3,67,"B","D"
3,68,"A","I"
3,69,"A","B"
3,70,"A","I"
3,71,"A","B"
3,72,"A","I"
3,73,"A","I"
3,74,"A","I"
3,75,"F","I"
3,76,"F","I"
3,77,"F","G"
3,78,"F","I"
3,79,"J","K"
3,80,"F","J"
3,81,"F","I"
3,82,"F","J"
3,83,"F","G"
3,84,"F","I"
3,85,"F","J"
3,86,"K","G"
3,87,"E","F"
3,88,"E","G"
3,89,"G","J"
3,90,"A","F"
3,91,"A","E"
3,92,"A","K"
3,93,"A","H"
3,94,"B","E"
3,95,"A","E"
3,96,"E","J"
3,97,"A","E"
3,98,"A","J"
3,99,"A","F"
3,100,"A","F"
3,101,"F","J"
3,102,"B","J"
3,103,"B","F"
3,104,"A","B"
3,105,"A","F"
3,106,"J","D"
3,107,"A","H"
3,108,"A","H"
3,109,"H","D"
3,110,"A","H"
3,111,"A","D"
3,112,"A","K"
3,113,"A","I"
3,114,"H","I"
3,115,"A","I"
3,116,"H","I"
3,117,"A","H"
3,118,"I","F"
3,119,"F","I"
3,120,"C","D"
3,121,"G","A"
3,122,"A","B"
3,123,"A","B"
4,1,"A","C"
4,2,"C","B"
4,3,"A","B"
4,4,"A","E"
4,5,"A","E"
4,6,"A","B"
4,7,"A","I"
4,8,"A","E"
4,9,"A","H"
4,10,"A","I"
4,11,"A","H"
4,12,"A","H"
4,13,"A","J"
4,14,"A","J"
4,15,"A","H"
4,16,"A","I"
4,17,"I","A"
4,18,"A","J"
4,19,"A","H"
4,20,"A","I"
4,21,"H","J"
4,22,"A","H"
4,23,"A","K"
4,24,"A","J"
4,25,"A","I"
4,26,"A","H"
4,27,"A","I"
4,28,"A","H"
4,29,"A","H"
4,30,"A","J"
4,31,"B","G"
4,32,"B","G"
4,33,"G","F"
4,34,"A","B"
4,35,"B","E"
4,36,"B","I"
4,37,"B","E"
4,38,"B","J"
4,39,"A","J"
4,40,"B","J"
4,41,"A","J"
4,42,"A","B"
4,43,"A","J"
4,44,"A","B"
4,45,"B","E"
4,46,"B","J"
4,47,"A","K"
4,48,"A","B"
4,49,"A","G"
4,50,"B","F"
4,51,"B","F"
4,52,"E","J"
4,53,"A","J"
4,54,"B","J"
4,55,"B","E"
4,56,"A","E"
4,57,"A","J"
4,58,"A","E"
4,59,"B","J"
4,60,"F","J"
4,61,"C","E"
4,62,"C","K"
4,63,"C","B"
4,64,"B","E"
4,65,"C","E"
4,66,"C","F"
4,67,"B","J"
4,68,"B","E"
4,69,"C","E"
4,70,"B","E"
4,71,"B","K"
4,72,"C","K"
4,73,"C","G"
4,74,"B","E"
4,75,"C","B"
4,76,"C","B"
4,77,"C","B"
4,78,"B","H"
4,79,"C","H"
4,80,"B","E"
4,81,"C","E"
4,82,"E","I"
4,83,"C","I"
4,84,"A","B"
4,85,"A","H"
4,86,"C","I"
4,87,"B","E"
4,88,"C","I"
4,89,"C","H"
4,90,"A","C"
4,91,"A","E"
4,92,"A","H"
4,93,"A","C"
4,94,"A","I"
4,95,"A","J"
4,96,"A","F"
4,97,"A","I"
4,98,"A","K"
4,99,"A","I"
4,100,"G","H"
4,101,"A","H"
4,102,"A","I"
4,103,"A","K"
4,104,"A","G"
4,105,"A","F"
4,106,"A","G"
4,107,"K","G"
4,108,"B","G"
4,109,"B","F"
4,110,"A","F"
4,111,"B","F"
4,112,"B","G"
4,113,"B","G"
4,114,"B","G"
4,115,"A","B"
4,116,"A","B"
4,117,"B","J"
4,118,"A","B"
4,119,"A","B"
4,120,"I","J"
4,121,"A","I"
4,122,"A","J"
4,123,"C","H"
4,124,"C","H"
4,125,"C","K"
4,126,"I","K"
4,127,"C","H"
4,128,"K","B"
4,129,"K","J"
4,130,"E","J"
4,131,"C","B"
4,132,"C","K"
4,133,"C","K"
4,134,"C","K"
4,135,"C","I"
4,136,"C","H"
4,137,"C","K"
4,138,"C","H"
4,139,"C","K"
4,140,"C","K"
4,141,"C","K"
4,142,"C","K"
4,143,"C","F"
4,144,"C","H"
4,145,"A","I"
4,146,"A","I"
4,147,"A","G"
4,148,"A","I"
5,1,"A","E"
5,2,"A","B"
5,3,"A","D"
5,4,"A","I"
5,5,"A","I"
5,6,"A","I"
5,7,"A","H"
5,8,"A","I"
5,9,"A","H"
5,10,"A","I"
5,11,"A","G"
5,12,"A","G"
5,13,"A","G"
5,14,"A","I"
5,15,"A","H"
5,16,"A","I"
5,17,"E","G"
5,18,"E","I"
5,19,"E","G"
5,20,"A","H"
5,21,"E","J"
5,22,"A","I"
5,23,"A","H"
5,24,"A","I"
5,25,"A","I"
5,26,"A","K"
5,27,"B","K"
5,28,"A","E"
5,29,"A","J"
5,30,"A","B"
5,31,"A","B"
5,32,"A","B"
5,33,"A","I"
5,34,"A","B"
5,35,"A","I"
5,36,"B","G"
5,37,"B","G"
5,38,"A","B"
5,39,"A","J"
5,40,"A","I"
5,41,"A","F"
5,42,"A","K"
5,43,"A","H"
5,44,"A","H"
5,45,"A","G"
5,46,"A","H"
5,47,"B","J"
5,48,"B","J"
5,49,"A","B"
5,50,"A","I"
5,51,"A","B"
5,52,"F","G"
5,53,"B","H"
5,54,"A","H"
5,55,"B","J"
5,56,"B","G"
5,57,"B","K"
5,58,"G","K"
5,59,"B","E"
5,60,"B","J"
5,61,"A","E"
5,62,"B","G"
5,63,"A","E"
5,64,"B","E"
5,65,"A","H"
5,66,"A","H"
5,67,"B","H"
5,68,"B","K"
5,69,"B","H"
5,70,"B","G"
5,71,"B","J"
5,72,"B","J"
5,73,"B","H"
5,74,"B","J"
5,75,"B","F"
5,76,"B","G"
5,77,"E","I"
5,78,"B","G"
5,79,"B","H"
5,80,"C","B"
5,81,"A","B"
5,82,"A","C"
5,83,"A","B"
5,84,"A","B"
5,85,"A","B"
5,86,"A","I"
5,87,"A","I"
5,88,"A","J"
5,89,"I","A"
5,90,"A","I"
5,91,"A","J"
5,92,"F","I"
5,93,"B","J"
5,94,"I","B"
5,95,"H","I"
5,96,"H","I"
5,97,"H","I"
5,98,"I","H"
5,99,"A","C"
5,100,"A","E"
5,101,"A","B"
5,102,"A","B"
5,103,"A","B"
5,104,"A","B"
5,105,"B","H"
5,106,"B","K"
5,107,"B","K"
5,108,"B","G"
5,109,"D","H"
5,110,"B","J"
5,111,"A","B"
5,112,"A","H"
5,113,"A","H"
5,114,"A","H"
5,115,"A","H"
5,116,"A","H"
5,117,"A","C"
5,118,"A","G"
5,119,"A","G"
5,120,"A","F"
5,121,"A","I"
5,122,"A","G"
5,123,"A","I"
5,124,"A","G"
5,125,"A","I"
5,126,"F","I"
5,127,"A","I"
5,128,"A","I"
5,129,"A","F"
5,130,"A","F"
5,131,"F","I"
5,132,"F","I"
5,133,"F","I"
5,134,"F","I"
5,135,"F","I"
5,136,"B","F"
5,137,"F","I"
5,138,"F","I"
5,139,"B","F"
5,140,"B","F"
5,141,"B","K"
5,142,"B","F"
5,143,"B","F"
5,144,"B","I"
5,145,"B","F"
5,146,"B","I"
5,147,"B","K"
5,148,"B","I"
5,149,"B","K"
5,150,"K","I"
5,151,"B","K"
5,152,"B","J"
5,153,"B","K"
5,154,"B","J"
5,155,"A","B"
5,156,"A","C"
5,157,"A","J"
5,158,"A","B"
5,159,"A","J"
5,160,"A","C"
6,1,"B","J"
6,2,"B","J"
6,3,"B","J"
6,4,"B","J"
6,5,"B","J"
6,6,"A","B"
6,7,"A","B"
6,8,"A","B"
6,9,"B","G"
6,10,"A","B"
6,11,"A","I"
6,12,"A","I"
6,13,"B","I"
6,14,"A","B"
6,15,"A","I"
6,16,"B","D"
6,17,"A","I"
6,18,"A","G"
6,19,"A","I"
6,20,"A","H"
6,21,"A","I"
6,22,"A","H"
6,23,"E","I"
6,24,"A","I"
6,25,"A","I"
6,26,"A","E"
6,27,"A","E"
6,28,"A","E"
6,29,"E","J"
6,30,"E","K"
6,31,"A","J"
6,32,"A","J"
6,33,"E","J"
6,34,"A","E"
6,35,"H","I"
6,36,"H","J"
6,37,"B","F"
6,38,"A","H"
6,39,"A","H"
6,40,"C","H"
6,41,"C","I"
6,42,"A","C"
6,43,"B","H"
6,44,"A","E"
6,45,"A","G"
6,46,"B","F"
6,47,"B","H"
6,48,"A","B"
6,49,"A","B"
6,50,"B","E"
6,51,"B","E"
6,52,"B","J"
6,53,"B","J"
6,54,"B","G"
6,55,"B","J"
6,56,"B","J"
6,57,"B","J"
6,58,"G","D"
6,59,"C","H"
6,60,"B","J"
6,61,"C","J"
6,62,"C","H"
6,63,"C","K"
6,64,"C","F"
6,65,"C","F"
6,66,"C","K"
6,67,"A","C"
6,68,"A","H"
6,69,"B","H"
6,70,"B","D"
6,71,"C","D"
6,72,"A","E"
6,73,"A","B"
6,74,"A","C"
6,75,"A","I"
6,76,"A","E"
6,77,"C","B"
6,78,"C","I"
6,79,"A","K"
6,80,"A","G"
6,81,"A","G"
6,82,"A","K"
6,83,"A","E"
6,84,"C","F"
6,85,"A","I"
6,86,"A","F"
6,87,"A","B"
6,88,"B","D"
6,89,"A","D"
6,90,"A","B"
6,91,"B","C"
6,92,"B","F"
6,93,"A","B"
6,94,"A","H"
6,95,"A","F"
6,96,"A","F"
6,97,"H","G"
6,98,"A","G"
6,99,"A","I"
6,100,"A","I"
6,101,"K","G"
6,102,"K","H"
6,103,"H","K"
6,104,"A","J"
6,105,"A","B"
6,106,"A","J"
6,107,"A","K"
6,108,"A","K"
6,109,"B","I"
6,110,"A","B"
6,111,"A","B"
6,112,"B","J"
6,113,"A","B"
6,114,"A","J"
6,115,"B","C"
6,116,"A","B"
6,117,"B","J"
6,118,"A","B"
6,119,"A","B"
6,120,"A","I"
6,121,"B","J"
6,122,"C","B"
6,123,"A","I"
6,124,"C","F"
6,125,"F","J"
6,126,"C","I"
6,127,"C","F"
6,128,"B","F"
6,129,"B","F"
6,130,"F","D"
6,131,"C","B"
6,132,"C","B"
6,133,"B","C"
7,1,"A","B"
7,2,"A","B"
7,3,"A","B"
7,4,"A","G"
7,5,"A","G"
7,6,"B","F"
7,7,"A","B"
7,8,"A","H"
7,9,"B","J"
7,10,"F","J"
7,11,"A","B"
7,12,"F","J"
7,13,"G","F"
7,14,"F","J"
7,15,"A","H"
7,16,"A","H"
7,17,"A","B"
7,18,"A","F"
7,19,"F","J"
7,20,"A","H"
7,21,"A","F"
7,22,"F","I"
7,23,"F","I"
7,24,"F","H"
7,25,"F","J"
7,26,"H","F"
7,27,"A","F"
7,28,"A","J"
7,29,"E","G"
7,30,"E","J"
7,31,"A","E"
7,32,"E","K"
7,33,"E","I"
7,34,"E","G"
7,35,"A","E"
7,36,"A","I"
7,37,"A","G"
7,38,"A","I"
7,39,"E","J"
7,40,"A","E"
7,41,"B","E"
7,42,"B","E"
7,43,"B","E"
7,44,"A","I"
7,45,"A","J"
7,46,"A","G"
7,47,"A","K"
7,48,"A","H"
7,49,"A","H"
7,50,"A","H"
7,51,"G","H"
7,52,"G","A"
7,53,"A","G"
7,54,"G","I"
7,55,"A","E"
7,56,"A","I"
7,57,"B","G"
7,58,"A","E"
7,59,"A","E"
7,60,"A","E"
7,61,"A","G"
7,62,"E","H"
7,63,"G","J"
7,64,"G","K"
7,65,"G","K"
7,66,"G","E"
7,67,"G","I"
7,68,"E","I"
7,69,"C","G"
7,70,"A","I"
7,71,"A","I"
7,72,"A","I"
7,73,"G","I"
7,74,"F","H"
7,75,"G","F"
7,76,"F","H"
7,77,"H","G"
7,78,"H","G"
7,79,"A","I"
7,80,"A","H"
7,81,"A","F"
7,82,"A","I"
7,83,"B","J"
7,84,"B","H"
7,85,"B","J"
7,86,"A","I"
7,87,"A","B"
7,88,"A","B"
7,89,"B","J"
7,90,"A","K"
7,91,"A","J"
7,92,"A","B"
7,93,"A","B"
7,94,"A","H"
7,95,"A","H"
7,96,"E","K"
7,97,"B","K"
7,98,"B","J"
7,99,"B","E"
7,100,"B","J"
7,101,"E","G"
7,102,"A","B"
7,103,"A","E"
7,104,"B","E"
7,105,"A","B"
7,106,"E","K"
7,107,"A","B"
7,108,"A","E"
7,109,"A","G"
7,110,"A","G"
7,111,"G","J"
7,112,"A","G"
7,113,"G","I"
7,114,"A","G"
7,115,"G","F"
7,116,"G","F"
7,117,"A","G"
7,118,"H","E"
7,119,"A","E"
7,120,"E","H"
7,121,"B","F"
7,122,"B","H"
7,123,"E","H"
8,1,"A","G"
8,2,"A","J"
8,3,"A","D"
8,4,"A","J"
8,5,"A","D"
8,6,"A","J"
8,7,"A","I"
8,8,"A","J"
8,9,"C","D"
8,10,"D","C"
8,11,"C","H"
8,12,"C","F"
8,13,"C","H"
8,14,"A","H"
8,15,"A","J"
8,16,"A","I"
8,17,"B","H"
8,18,"A","I"
8,19,"B","E"
8,20,"B","E"
8,21,"A","B"
8,22,"A","B"
8,23,"A","J"
8,24,"A","J"
8,25,"C","G"
8,26,"G","C"
8,27,"A","B"
8,28,"A","B"
8,29,"A","C"
8,30,"A","K"
8,31,"B","H"
8,32,"B","J"
8,33,"B","J"
8,34,"A","B"
8,35,"A","J"
8,36,"B","H"
8,37,"A","E"
8,38,"A","E"
8,39,"A","H"
8,40,"B","K"
8,41,"A","B"
8,42,"A","I"
8,43,"A","J"
8,44,"A","J"
8,45,"A","F"
8,46,"B","H"
8,47,"H","I"
8,48,"F","H"
8,49,"B","H"
8,50,"B","E"
8,51,"A","I"
8,52,"E","H"
8,53,"A","E"
8,54,"A","J"
8,55,"A","F"
8,56,"A","B"
8,57,"E","F"
8,58,"E","F"
8,59,"C","B"
8,60,"C","F"
8,61,"C","G"
8,62,"C","G"
8,63,"A","C"
8,64,"A","E"
8,65,"A","I"
8,66,"A","H"
8,67,"A","H"
8,68,"B","H"
8,69,"B","K"
8,70,"B","H"
8,71,"J","K"
8,72,"H","J"
8,73,"B","F"
8,74,"B","F"
8,75,"B","F"
8,76,"B","H"
8,77,"B","F"
8,78,"B","J"
8,79,"B","G"
8,80,"F","J"
8,81,"B","F"
8,82,"F","G"
8,83,"A","B"
8,84,"F","J"
8,85,"A","B"
8,86,"A","B"
8,87,"A","F"
8,88,"A","F"
8,89,"A","B"
8,90,"A","G"
8,91,"A","F"
8,92,"A","B"
8,93,"A","E"
8,94,"A","J"
8,95,"A","F"
8,96,"A","B"
8,97,"A","H"
8,98,"F","I"
8,99,"A","H"
8,100,"A","F"
8,101,"E","H"
8,102,"E","F"
8,103,"A","G"
8,104,"A","G"
8,105,"A","G"
8,106,"A","K"
8,107,"G","E"
8,108,"E","K"
8,109,"G","D"
8,110,"A","B"
8,111,"E","J"
8,112,"E","H"
8,113,"A","E"
8,114,"A","E"
8,115,"E","F"
8,116,"A","J"
8,117,"A","J"
8,118,"A","I"
8,119,"A","J"
8,120,"G","F"
8,121,"K","G"
8,122,"B","K"
8,123,"G","J"
8,124,"G","J"
8,125,"G","F"
8,126,"G","I"
8,127,"G","I"
8,128,"G","J"
8,129,"G","K"
8,130,"G","B"
8,131,"B","G"
8,132,"H","G"
8,133,"G","H"
8,134,"E","G"
8,135,"G","J"
8,136,"B","H"
8,137,"G","H"
8,138,"G","H"
8,139,"B","J"
9,1,"D","J"
9,2,"A","J"
9,3,"A","J"
9,4,"H","J"
9,5,"A","J"
9,6,"D","H"
9,7,"A","F"
9,8,"D","J"
9,9,"A","H"
9,10,"D","J"
9,11,"A","J"
9,12,"F","J"
9,13,"F","J"
9,14,"F","H"
9,15,"F","G"
9,16,"F","H"
9,17,"C","F"
9,18,"C","G"
9,19,"D","H"
9,20,"D","I"
9,21,"D","E"
9,22,"E","D"
9,23,"C","G"
9,24,"A","C"
9,25,"A","H"
9,26,"A","I"
9,27,"A","H"
9,28,"A","E"
9,29,"A","E"
9,30,"A","K"
9,31,"A","I"
9,32,"A","I"
9,33,"A","B"
9,34,"A","B"
9,35,"H","I"
9,36,"A","J"
9,37,"F","I"
9,38,"A","F"
9,39,"B","F"
9,40,"A","B"
9,41,"F","I"
9,42,"A","F"
9,43,"F","I"
9,44,"B","K"
9,45,"A","G"
9,46,"B","F"
9,47,"A","B"
9,48,"F","I"
9,49,"A","I"
9,50,"A","B"
9,51,"D","K"
9,52,"D","K"
9,53,"A","B"
9,54,"A","B"
9,55,"E","J"
9,56,"E","I"
9,57,"B","E"
9,58,"E","J"
9,59,"B","E"
9,60,"B","J"
9,61,"A","J"
9,62,"A","J"
9,63,"A","B"
9,64,"A","B"
9,65,"A","B"
9,66,"A","I"
9,67,"B","H"
9,68,"A","J"
9,69,"A","B"
9,70,"B","J"
9,71,"B","H"
9,72,"B","A"
9,73,"A","J"
9,74,"H","J"
9,75,"B","H"
9,76,"A","B"
9,77,"A","C"
9,78,"A","H"
9,79,"A","H"
9,80,"E","G"
9,81,"E","J"
9,82,"E","G"
9,83,"H","J"
9,84,"A","B"
9,85,"A","E"
9,86,"B","K"
9,87,"A","B"
9,88,"A","G"
9,89,"E","F"
9,90,"A","B"
9,91,"A","F"
9,92,"A","E"
9,93,"A","E"
9,94,"E","A"
9,95,"A","F"
9,96,"A","G"
9,97,"A","B"
9,98,"B","F"
9,99,"A","B"
9,100,"A","B"
9,101,"A","B"
9,102,"B","G"
9,103,"A","B"
9,104,"C","G"
9,105,"A","G"
9,106,"A","B"
9,107,"A","C"
9,108,"A","F"
9,109,"A","I"
9,110,"F","I"
9,111,"F","G"
9,112,"F","G"
9,113,"F","I"
9,114,"F","I"
9,115,"F","J"
9,116,"E","J"
9,117,"E","F"
9,118,"E","F"
9,119,"E","H"
9,120,"E","F"
9,121,"E","G"
9,122,"E","J"
9,123,"E","J"
9,124,"E","I"
9,125,"E","H"
9,126,"E","J"
9,127,"E","H"
9,128,"B","E"
9,129,"C","J"
9,130,"C","H"
9,131,"B","J"
9,132,"C","B"
9,133,"A","C"
9,134,"E","G"
9,135,"E","H"
9,136,"A","E"
9,137,"A","K"
9,138,"A","H"
9,139,"A","H"
9,140,"A","B"
9,141,"A","C"
9,142,"A","J"
9,143,"A","I"
9,144,"A","B"
9,145,"A","J"
9,146,"A","B"
9,147,"A","C"
9,148,"B","J"
9,149,"B","E"
9,150,"B","E"
9,151,"B","E"
9,152,"A","B"
9,153,"B","J"
9,154,"A","J"
9,155,"A","J"
9,156,"A","J"
9,157,"A","B"
9,158,"A","J"
9,159,"A","G"
9,160,"A","G"
9,161,"A","G"
9,162,"A","G"
9,163,"A","B"
9,164,"B","G"
9,165,"B","G"
9,166,"K","A"
9,167,"A","B"
9,168,"A","B"
9,169,"B","A"
9,170,"A","G"
9,171,"A","J"
9,172,"B","G"
9,173,"A","J"
9,174,"B","F"
9,175,"F","G"
9,176,"F","G"
9,177,"F","G"
9,178,"B","K"
9,179,"B","F"
9,180,"F","G"
9,181,"B","F"
9,182,"B","F"
9,183,"B","J"
9,184,"B","G"
10,1,"B","I"
10,2,"B","I"
10,3,"B","I"
10,4,"B","F"
10,5,"B","F"
10,6,"B","I"
10,7,"B","F"
10,8,"A","C"
10,9,"A","C"
10,10,"A","F"
10,11,"A","F"
10,12,"A","G"
10,13,"A","E"
10,14,"A","E"
10,15,"A","J"
10,16,"A","F"
10,17,"A","H"
10,18,"A","F"
10,19,"A","H"
10,20,"A","F"
10,21,"A","G"
10,22,"H","J"
10,23,"A","B"
10,24,"A","F"
10,25,"A","H"
10,26,"A","J"
10,27,"A","E"
10,28,"A","E"
10,29,"F","J"
10,30,"F","G"
10,31,"E","H"
10,32,"E","J"
10,33,"E","C"
10,34,"E","G"
10,35,"E","F"
10,36,"E","H"
10,37,"E","I"
10,38,"E","G"
10,39,"E","I"
10,40,"E","K"
10,41,"B","I"
10,42,"B","E"
10,43,"B","H"
10,44,"B","J"
10,45,"B","J"
10,46,"A","B"
10,47,"A","J"
10,48,"A","J"
10,49,"A","I"
10,50,"A","I"
10,51,"A","I"
10,52,"C","I"
10,53,"C","I"
10,54,"C","D"
10,55,"C","I"
10,56,"C","B"
10,57,"C","I"
10,58,"C","I"
10,59,"C","B"
10,60,"B","H"
10,61,"C","B"
10,62,"C","H"
10,63,"E","K"
10,64,"C","H"
10,65,"E","B"
10,66,"C","E"
10,67,"C","H"
10,68,"C","H"
10,69,"C","F"
10,70,"C","F"
10,71,"C","H"
10,72,"F","J"
10,73,"B","I"
10,74,"B","I"
10,75,"C","I"
10,76,"B","J"
10,77,"C","B"
10,78,"C","J"
10,79,"C","G"
10,80,"B","J"
10,81,"C","J"
10,82,"F","J"
10,83,"C","K"
10,84,"C","G"
10,85,"B","J"
10,86,"E","H"
10,87,"E","J"
10,88,"C","J"
10,89,"B","E"
10,90,"C","B"
10,91,"A","B"
10,92,"A","G"
10,93,"A","G"
10,94,"A","J"
10,95,"A","H"
10,96,"A","B"
10,97,"A","B"
10,98,"A","J"
10,99,"A","I"
10,100,"A","K"
10,101,"B","J"
10,102,"B","J"
10,103,"A","B"
10,104,"E","K"
10,105,"A","J"
10,106,"A","H"
10,107,"A","H"
10,108,"A","K"
10,109,"E","H"
10,110,"A","E"
10,111,"A","B"
10,112,"A","B"
10,113,"A","B"
10,114,"A","B"
10,115,"B","K"
10,116,"A","H"
10,117,"B","J"
10,118,"A","F"
10,119,"A","B"
10,120,"A","F"
10,121,"A","B"
10,122,"A","G"
10,123,"A","K"
10,124,"K","G"
10,125,"F","I"
10,126,"A","F"
10,127,"A","F"
10,128,"A","J"
10,129,"B","G"
10,130,"B","F"
10,131,"A","E"
10,132,"A","K"
10,133,"A","F"
10,134,"F","I"
10,135,"B","J"
10,136,"B","G"
10,137,"B","E"
10,138,"B","G"
10,139,"A","J"
10,140,"A","B"
10,141,"F","B"
10,142,"A","B"
10,143,"A","D"
10,144,"A","D"
10,145,"A","G"
10,146,"A","G"
10,147,"A","H"
10,148,"A","J"
10,149,"A","I"
10,150,"A","G"
10,151,"A","G"
10,152,"A","I"
10,153,"A","G"
10,154,"A","B"
10,155,"A","I"
10,156,"A","G"
10,157,"A","J"
10,158,"A","I"
10,159,"A","H"
10,160,"A","I"
10,161,"A","B"
10,162,"A","B"
10,163,"F","I"
10,164,"A","F"
10,165,"B","J"
10,166,"F","I"
10,167,"F","J"
10,168,"A","B"
10,169,"A","B"
10,170,"B","E"
10,171,"B","H"
10,172,"B","E"
10,173,"B","J"
10,174,"B","J"
10,175,"E","K"
10,176,"E","H"
10,177,"B","E"
10,178,"B","F"
10,179,"B","F"
10,180,"F","I"
10,181,"B","E"
10,182,"B","E"
10,183,"B","F"
10,184,"A","B"
10,185,"A","B"
10,186,"A","K"
10,187,"A","E"
10,188,"A","B"
10,189,"A","B"
10,190,"A","K"
10,191,"A","K"
10,192,"A","J"
10,193,"B","J"
10,194,"B","J"
10,195,"A","B"
10,196,"A","J"
10,197,"A","B"
10,198,"A","C"
10,199,"A","K"
10,200,"A","B"
10,201,"A","B"
10,202,"A","J"
10,203,"B","D"
10,204,"B","J"
10,205,"B","G"
10,206,"B","J"
10,207,"A","J"
10,208,"B","K"
10,209,"B","J"
10,210,"B","G"
10,211,"B","J"
10,212,"B","J"
10,213,"J","K"
10,214,"J","K"
10,215,"B","J"
11,1,"A","E"
11,2,"A","G"
11,3,"A","G"
11,4,"A","H"
11,5,"A","G"
11,6,"D","H"
11,7,"D","F"
11,8,"A","F"
11,9,"D","G"
11,10,"A","F"
11,11,"A","G"
11,12,"D","B"
11,13,"A","G"
11,14,"D","G"
11,15,"A","J"
11,16,"A","H"
11,17,"D","K"
11,18,"A","B"
11,19,"A","F"
11,20,"A","F"
11,21,"D","B"
11,22,"A","G"
11,23,"A","H"
11,24,"D","F"
11,25,"D","H"
11,26,"A","F"
11,27,"F","G"
11,28,"A","F"
11,29,"A","F"
11,30,"A","H"
11,31,"D","H"
11,32,"D","E"
11,33,"F","G"
11,34,"E","F"
11,35,"F","H"
11,36,"A","J"
11,37,"H","F"
11,38,"D","J"
11,39,"D","J"
11,40,"C","E"
11,41,"D","K"
11,42,"C","E"
11,43,"E","I"
11,44,"C","E"
11,45,"E","B"
11,46,"E","H"
11,47,"B","G"
11,48,"B","F"
11,49,"B","C"
11,50,"B","H"
11,51,"B","F"
11,52,"B","H"
11,53,"B","I"
11,54,"B","I"
11,55,"B","J"
11,56,"B","I"
11,57,"B","I"
11,58,"B","I"
11,59,"B","I"
11,60,"B","C"
11,61,"B","E"
11,62,"B","E"
11,63,"E","K"
11,64,"E","H"
11,65,"K","H"
11,66,"B","H"
11,67,"B","H"
11,68,"A","B"
11,69,"A","J"
11,70,"G","H"
11,71,"A","I"
11,72,"A","H"
11,73,"A","H"
11,74,"A","J"
11,75,"H","I"
11,76,"A","K"
11,77,"A","E"
11,78,"A","H"
11,79,"A","E"
11,80,"E","K"
11,81,"A","E"
11,82,"B","J"
11,83,"B","K"
11,84,"A","G"
11,85,"J","K"
11,86,"B","A"
11,87,"A","E"
11,88,"A","G"
11,89,"A","K"
11,90,"A","J"
11,91,"A","J"
11,92,"E","J"
11,93,"F","I"
11,94,"B","G"
11,95,"B","D"
11,96,"B","F"
11,97,"B","J"
11,98,"F","J"
11,99,"B","F"
11,100,"B","J"
11,101,"B","F"
11,102,"B","H"
11,103,"B","F"
11,104,"F","J"
11,105,"B","H"
11,106,"F","J"
11,107,"B","H"
11,108,"B","F"
11,109,"A","B"
11,110,"A","K"
11,111,"A","I"
11,112,"A","H"
11,113,"A","H"
11,114,"A","I"
11,115,"K","G"
11,116,"A","H"
11,117,"A","G"
11,118,"A","H"
11,119,"A","I"
11,120,"A","G"
11,121,"E","G"
11,122,"K","H"
11,123,"A","B"
11,124,"A","G"
11,125,"B","H"
11,126,"A","H"
11,127,"A","B"
11,128,"A","K"
11,129,"E","K"
11,130,"A","B"
11,131,"A","E"
11,132,"A","E"
11,133,"A","J"
11,134,"A","H"
11,135,"A","H"
11,136,"A","B"
11,137,"A","E"
11,138,"E","J"
11,139,"E","K"
11,140,"E","K"
11,141,"E","K"
11,142,"A","E"
11,143,"E","J"
11,144,"E","J"
11,145,"E","J"
11,146,"E","J"
11,147,"E","C"
11,148,"E","F"
11,149,"B","I"
11,150,"B","F"
11,151,"B","A"
11,152,"A","B"
11,153,"A","F"
11,154,"A","I"
11,155,"A","I"
11,156,"A","I"
11,157,"A","F"
11,158,"A","F"
11,159,"A","F"
11,160,"F","I"
11,161,"A","F"
11,162,"A","B"
11,163,"H","J"
11,164,"A","G"
11,165,"A","J"
11,166,"F","I"
11,167,"I","J"
11,168,"F","J"
11,169,"A","I"
11,170,"A","J"
11,171,"A","J"
11,172,"A","F"
11,173,"A","H"
11,174,"A","H"
11,175,"A","K"
11,176,"A","K"
11,177,"A","K"
11,178,"A","H"
11,179,"F","H"
11,180,"A","I"
11,181,"F","G"
11,182,"F","G"
11,183,"A","F"
11,184,"A","F"
11,185,"F","G"
11,186,"A","F"
11,187,"E","G"
11,188,"A","G"
11,189,"A","J"
11,190,"A","I"
11,191,"A","G"
11,192,"A","G"
11,193,"A","H"
11,194,"A","G"
11,195,"A","I"
11,196,"H","J"
12,1,"D","F"
12,2,"B","I"
12,3,"B","D"
12,4,"E","I"
12,5,"E","C"
12,6,"A","B"
12,7,"A","B"
12,8,"A","I"
12,9,"A","H"
12,10,"A","I"
12,11,"H","I"
12,12,"B","E"
12,13,"B","E"
12,14,"A","H"
12,15,"B","F"
12,16,"B","H"
12,17,"A","B"
12,18,"A","H"
12,19,"A","B"
12,20,"A","E"
12,21,"A","F"
12,22,"B","E"
12,23,"B","H"
12,24,"B","F"
12,25,"A","B"
12,26,"B","I"
12,27,"A","B"
12,28,"A","B"
12,29,"A","J"
12,30,"A","J"
12,31,"A","J"
12,32,"A","F"
12,33,"A","J"
12,34,"A","E"
12,35,"A","I"
12,36,"A","B"
12,37,"A","I"
12,38,"K","J"
12,39,"A","C"
12,40,"A","E"
12,41,"F","I"
12,42,"A","E"
12,43,"F","G"
12,44,"A","I"
12,45,"A","J"
12,46,"B","E"
12,47,"A","G"
12,48,"F","I"
12,49,"A","F"
12,50,"A","J"
12,51,"F","I"
12,52,"E","G"
12,53,"B","E"
12,54,"A","E"
12,55,"B","C"
12,56,"B","F"
12,57,"B","F"
12,58,"B","E"
12,59,"B","C"
12,60,"B","J"
12,61,"B","H"
12,62,"B","K"
12,63,"B","H"
12,64,"B","G"
12,65,"B","H"
12,66,"B","G"
12,67,"A","K"
12,68,"A","B"
12,69,"A","J"
12,70,"A","H"
12,71,"A","I"
12,72,"A","I"
12,73,"A","H"
12,74,"A","J"
12,75,"E","I"
12,76,"A","E"
12,77,"A","E"
12,78,"A","H"
12,79,"A","G"
12,80,"A","J"
12,81,"E","H"
12,82,"A","E"
12,83,"A","H"
12,84,"F","I"
12,85,"F","K"
12,86,"A","F"
12,87,"A","I"
12,88,"A","B"
12,89,"A","B"
12,90,"A","B"
12,91,"H","A"
12,92,"A","F"
12,93,"F","J"
12,94,"F","K"
12,95,"F","J"
12,96,"A","H"
12,97,"B","F"
12,98,"A","H"
12,99,"B","H"
12,100,"A","B"
12,101,"B","F"
12,102,"A","B"
12,103,"A","J"
12,104,"B","J"
12,105,"A","J"
12,106,"A","H"
12,107,"A","B"
12,108,"A","F"
12,109,"A","E"
12,110,"A","E"
12,111,"B","J"
12,112,"B","H"
12,113,"B","G"
12,114,"A","J"
12,115,"A","F"
12,116,"A","B"
12,117,"A","B"
12,118,"B","E"
12,119,"A","J"
12,120,"E","G"
12,121,"A","F"
12,122,"A","E"
12,123,"A","G"
12,124,"E","F"
12,125,"E","J"
12,126,"E","J"
12,127,"E","J"
12,128,"E","I"
12,129,"E","J"
12,130,"E","J"
12,131,"E","F"
12,132,"A","J"
12,133,"A","K"
12,134,"A","H"
12,135,"J","K"
12,136,"A","H"
12,137,"D","K"
12,138,"A","K"
12,139,"A","J"
12,140,"A","G"
12,141,"A","G"
12,142,"A","J"
12,143,"A","C"
12,144,"A","E"
12,145,"A","K"
12,146,"K","F"
12,147,"A","J"
12,148,"B","J"
12,149,"B","J"
12,150,"A","I"
12,151,"B","F"
12,152,"A","J"
12,153,"H","A"
12,154,"A","B"
12,155,"A","E"
12,156,"A","H"
12,157,"A","B"
12,158,"A","F"
12,159,"A","F"
12,160,"A","K"
12,161,"F","I"
12,162,"A","F"
12,163,"A","F"
12,164,"B","F"
12,165,"A","G"
12,166,"E","B"
12,167,"A","F"
12,168,"A","B"
13,1,"E","F"
13,2,"B","H"
13,3,"B","F"
13,4,"B","J"
13,5,"B","F"
13,6,"A","B"
13,7,"A","F"
13,8,"F","J"
13,9,"A","F"
13,10,"A","B"
13,11,"A","I"
13,12,"A","F"
13,13,"F","I"
13,14,"F","J"
13,15,"A","F"
13,16,"B","C"
13,17,"A","F"
13,18,"A","J"
13,19,"A","F"
13,20,"B","I"
13,21,"B","I"
13,22,"A","B"
13,23,"F","I"
13,24,"A","F"
13,25,"A","B"
13,26,"A","J"
13,27,"F","J"
13,28,"A","F"
13,29,"A","F"
13,30,"A","F"
13,31,"A","E"
13,32,"A","I"
13,33,"C","H"
13,34,"C","H"
13,35,"C","E"
13,36,"C","I"
13,37,"C","I"
13,38,"C","E"
13,39,"C","E"
13,40,"C","K"
13,41,"C","E"
13,42,"C","K"
13,43,"C","K"
13,44,"C","E"
13,45,"C","E"
13,46,"C","K"
13,47,"B","C"
13,48,"B","K"
13,49,"B","J"
13,50,"A","B"
13,51,"A","B"
13,52,"A","B"
13,53,"A","B"
13,54,"A","J"
13,55,"A","B"
13,56,"B","J"
13,57,"A","B"
13,58,"A","J"
13,59,"A","J"
13,60,"A","J"
13,61,"A","J"
13,62,"A","J"
13,63,"A","J"
13,64,"A","J"
13,65,"K","G"
13,66,"A","G"
13,67,"A","H"
13,68,"B","E"
13,69,"A","H"
13,70,"A","H"
13,71,"B","E"
13,72,"E","K"
13,73,"A","G"
13,74,"A","K"
13,75,"A","B"
13,76,"A","G"
13,77,"A","G"
13,78,"A","B"
13,79,"A","H"
13,80,"A","E"
13,81,"F","G"
13,82,"F","I"
13,83,"E","H"
13,84,"A","F"
13,85,"E","J"
13,86,"A","G"
13,87,"A","J"
13,88,"A","G"
13,89,"A","G"
13,90,"A","I"
13,91,"A","E"
13,92,"A","J"
13,93,"A","G"
13,94,"H","G"
13,95,"B","H"
13,96,"A","B"
13,97,"D","J"
13,98,"A","B"
13,99,"D","H"
13,100,"H","J"
13,101,"A","H"
13,102,"H","J"
13,103,"A","H"
13,104,"A","J"
13,105,"A","G"
13,106,"F","I"
13,107,"J","K"
13,108,"F","J"
13,109,"A","F"
13,110,"A","F"
13,111,"A","B"
13,112,"A","K"
13,113,"A","J"
13,114,"A","E"
13,115,"A","K"
13,116,"F","J"
13,117,"E","J"
13,118,"A","F"
13,119,"A","E"
14,1,"A","H"
14,2,"A","H"
14,3,"A","J"
14,4,"F","J"
14,5,"A","G"
14,6,"F","G"
14,7,"F","G"
14,8,"A","B"
14,9,"A","G"
14,10,"A","B"
14,11,"F","G"
14,12,"B","J"
14,13,"A","J"
14,14,"A","B"
14,15,"A","F"
14,16,"E","I"
14,17,"B","E"
14,18,"B","F"
14,19,"B","J"
14,20,"B","J"
14,21,"H","C"
14,22,"B","C"
14,23,"B","I"
14,24,"B","H"
14,25,"B","K"
14,26,"K","G"
14,27,"B","C"
15,1,"B","H"
15,2,"B","I"
15,3,"B","H"
15,4,"B","I"
15,5,"B","H"
15,6,"B","H"
15,7,"A","J"
15,8,"A","J"
15,9,"A","B"
15,10,"A","J"
15,11,"A","G"
15,12,"A","F"
15,13,"A","F"
15,14,"A","F"
15,15,"A","F"
15,16,"F","I"
15,17,"B","H"
15,18,"G","H"
15,19,"A","B"
15,20,"A","F"
15,21,"F","H"
15,22,"B","A"
15,23,"A","B"
15,24,"A","H"
15,25,"A","H"
15,26,"H","K"
15,27,"B","I"
15,28,"G","J"
15,29,"B","J"
15,30,"A","F"
15,31,"A","J"
15,32,"A","G"
15,33,"F","H"
15,34,"A","G"
15,35,"A","B"
15,36,"A","J"
15,37,"A","H"
15,38,"A","I"
15,39,"A","J"
15,40,"F","J"
15,41,"A","F"
15,42,"A","B"
15,43,"B","G"
15,44,"B","G"
16,1,"A","I"
16,2,"F","G"
16,3,"B","H"
16,4,"F","I"
16,5,"A","F"
16,6,"H","I"
16,7,"B","A"
16,8,"A","K"
16,9,"A","G"
16,10,"B","F"
16,11,"B","H"
16,12,"A","B"
16,13,"A","B"
16,14,"B","I"
16,15,"A","B"
16,16,"B","I"
16,17,"B","F"
16,18,"B","F"
16,19,"B","F"
16,20,"E","F"
16,21,"B","I"
16,22,"B","J"
16,23,"A","C"
16,24,"A","B"
16,25,"A","J"
16,26,"A","J"
16,27,"J","G"
16,28,"B","G"
16,29,"A","H"
16,30,"A","G"
16,31,"A","G"
16,32,"A","J"
16,33,"A","K"
16,34,"A","G"
16,35,"A","E"
16,36,"E","H"
16,37,"A","D"
16,38,"A","D"
16,39,"A","E"
16,40,"A","F"
16,41,"E","H"
16,42,"H","E"
16,43,"B","H"
16,44,"A","H"
16,45,"A","F"
16,46,"F","J"
16,47,"A","I"
16,48,"A","B"
16,49,"A","K"
16,50,"F","I"
16,51,"A","I"
16,52,"A","B"
16,53,"A","B"
16,54,"I","J"
16,55,"I","J"
16,56,"C","J"
16,57,"C","F"
16,58,"C","I"
16,59,"C","J"
16,60,"C","J"
16,61,"C","J"
16,62,"I","J"
16,63,"C","J"
16,64,"C","I"
16,65,"I","J"
16,66,"C","I"
16,67,"C","J"
16,68,"C","F"
16,69,"A","G"
16,70,"A","H"
16,71,"A","G"
16,72,"H","I"
17,1,"J","F"
17,2,"B","J"
17,3,"A","B"
17,4,"A","J"
17,5,"A","J"
17,6,"A","C"
17,7,"B","C"
17,8,"B","J"
17,9,"B","C"
17,10,"K","B"
17,11,"J","B"
17,12,"B","I"
17,13,"J","H"
17,14,"I","J"
17,15,"B","H"
17,16,"B","J"
17,17,"B","I"
17,18,"B","J"
17,19,"B","H"
17,20,"H","D"
17,21,"B","H"
17,22,"H","J"
17,23,"A","G"
17,24,"A","J"
17,25,"A","G"
17,26,"A","H"
17,27,"F","D"
17,28,"F","J"
17,29,"D","G"
17,30,"A","F"
17,31,"A","G"
17,32,"A","F"
17,33,"F","J"
17,34,"A","J"
17,35,"A","F"
17,36,"A","H"
17,37,"D","J"
17,38,"H","C"
17,39,"H","D"
17,40,"F","H"
17,41,"F","J"
17,42,"J","F"
17,43,"E","D"
17,44,"F","H"
17,45,"F","J"
17,46,"E","H"
17,47,"E","J"
17,48,"E","F"
17,49,"B","E"
17,50,"B","C"
17,51,"E","C"
17,52,"B","G"
17,53,"A","B"
17,54,"A","B"
17,55,"A","I"
17,56,"A","J"
17,57,"B","H"
17,58,"B","I"
17,59,"A","J"
17,60,"A","J"
17,61,"A","J"
17,62,"A","J"
17,63,"A","J"
17,64,"A","B"
17,65,"I","J"
17,66,"A","J"
17,67,"B","E"
17,68,"A","J"
17,69,"A","I"
17,70,"A","I"
17,71,"A","I"
17,72,"C","F"
17,73,"F","K"
17,74,"B","F"
17,75,"B","C"
17,76,"A","B"
17,77,"A","F"
17,78,"A","F"
17,79,"A","I"
17,80,"A","G"
17,81,"A","K"
18,1,"A","G"
18,2,"B","H"
18,3,"A","G"
18,4,"A","G"
18,5,"A","G"
18,6,"A","H"
18,7,"B","J"
18,8,"B","G"
18,9,"B","J"
18,10,"B","G"
18,11,"B","H"
18,12,"B","H"
18,13,"B","H"
18,14,"B","H"
18,15,"B","K"
18,16,"B","H"
18,17,"B","A"
18,18,"B","I"
18,19,"A","D"
18,20,"A","E"
18,21,"A","J"
18,22,"A","E"
18,23,"B","J"
18,24,"A","E"
18,25,"G","B"
18,26,"B","G"
18,27,"B","H"
18,28,"G","B"
18,29,"B","I"
18,30,"B","H"
18,31,"A","J"
18,32,"B","H"
18,33,"A","J"
18,34,"A","B"
18,35,"A","I"
18,36,"A","F"
18,37,"A","F"
18,38,"A","J"
18,39,"A","F"
18,40,"A","F"
18,41,"A","F"
18,42,"A","F"
18,43,"A","F"
18,44,"F","J"
18,45,"A","E"
18,46,"A","E"
18,47,"E","F"
18,48,"A","E"
18,49,"A","J"
18,50,"A","E"
18,51,"A","J"
18,52,"A","J"
18,53,"A","B"
18,54,"A","H"
18,55,"A","J"
18,56,"B","H"
18,57,"A","B"
18,58,"B","C"
18,59,"B","H"
18,60,"A","B"
18,61,"A","B"
19,1,"A","B"
19,2,"A","I"
19,3,"A","I"
19,4,"A","I"
19,5,"A","B"
19,6,"A","G"
19,7,"A","H"
19,8,"B","C"
19,9,"A","B"
19,10,"A","G"
19,11,"I","J"
19,12,"A","I"
19,13,"A","C"
19,14,"A","I"
19,15,"I","G"
19,16,"I","J"
19,17,"B","H"
19,18,"B","G"
19,19,"A","I"
19,20,"A","B"
19,21,"F","J"
19,22,"A","F"
19,23,"A","F"
19,24,"A","H"
19,25,"A","H"
19,26,"A","E"
19,27,"A","H"
19,28,"A","K"
19,29,"F","J"
19,30,"F","J"
19,31,"A","F"
19,32,"B","C"
19,33,"A","B"
19,34,"A","B"
19,35,"A","B"
19,36,"A","E"
19,37,"A","G"
19,38,"G","C"
19,39,"C","G"
19,40,"A","C"
19,41,"A","J"
19,42,"A","G"
19,43,"H","J"
19,44,"A","J"
19,45,"A","H"
19,46,"A","H"
19,47,"H","J"
19,48,"I","J"
19,49,"I","J"
19,50,"H","J"
19,51,"H","J"
19,52,"H","J"
19,53,"J","K"
19,54,"J","H"
19,55,"H","J"
19,56,"J","I"
19,57,"I","J"
19,58,"B","K"
19,59,"B","I"
19,60,"A","I"
19,61,"A","B"
19,62,"A","K"
20,1,"A","F"
20,2,"A","G"
20,3,"A","G"
20,4,"A","F"
20,5,"A","H"
20,6,"A","G"
20,7,"B","F"
20,8,"B","J"
20,9,"B","G"
20,10,"B","H"
20,11,"B","G"
20,12,"B","G"
20,13,"B","J"
20,14,"B","H"
20,15,"B","I"
20,16,"B","I"
20,17,"I","J"
20,18,"B","I"
20,19,"B","I"
20,20,"B","H"
20,21,"B","H"
20,22,"B","J"
20,23,"B","H"
20,24,"A","J"
20,25,"B","E"
20,26,"A","B"
20,27,"F","K"
20,28,"F","I"
20,29,"F","I"
20,30,"B","F"
20,31,"B","I"
20,32,"B","K"
20,33,"B","J"
20,34,"A","G"
20,35,"A","G"
20,36,"A","G"
20,37,"A","G"
20,38,"A","H"
20,39,"A","B"
20,40,"B","H"
20,41,"B","H"
20,42,"B","G"
20,43,"B","F"
20,44,"B","C"
20,45,"B","J"
20,46,"B","J"
20,47,"B","J"
20,48,"B","C"
20,49,"B","J"
20,50,"B","G"
20,51,"B","J"
20,52,"B","J"
20,53,"B","J"
20,54,"B","I"
20,55,"B","J"
20,56,"B","J"
20,57,"I","J"
20,58,"A","I"
20,59,"G","J"
20,60,"A","C"
20,61,"A","B"
20,62,"A","J"
20,63,"F","H"
20,64,"F","H"
20,65,"A","G"
20,66,"A","G"
20,67,"F","K"
20,68,"A","B"
20,69,"J","K"
20,70,"J","K"
20,71,"J","K"
21,1,"A","J"
21,2,"A","J"
21,3,"A","J"
21,4,"J","H"
21,5,"J","H"
21,6,"A","I"
21,7,"A","K"
21,8,"A","J"
21,9,"B","F"
21,10,"B","J"
21,11,"B","H"
21,12,"B","F"
21,13,"B","H"
21,14,"B","H"
21,15,"B","H"
21,16,"B","H"
21,17,"B","H"
21,18,"A","J"
21,19,"B","F"
21,20,"B","F"
21,21,"B","I"
21,22,"B","G"
21,23,"A","F"
21,24,"A","B"
21,25,"A","B"
21,26,"A","E"
21,27,"A","B"
22,1,"A","J"
22,2,"F","C"
22,3,"F","J"
22,4,"A","F"
22,5,"A","J"
22,6,"A","I"
22,7,"A","H"
22,8,"A","J"
22,9,"I","J"
22,10,"B","G"
22,11,"B","I"
22,12,"B","G"
22,13,"B","J"
22,14,"B","G"
22,15,"B","E"
22,16,"E","B"
22,17,"E","H"
22,18,"E","J"
22,19,"H","D"
22,20,"D","H"
22,21,"B","E"
22,22,"E","B"
22,23,"E","B"
22,24,"B","E"
22,25,"B","G"
22,26,"B","H"
22,27,"A","B"
22,28,"B","A"
22,29,"A","K"
22,30,"A","K"
22,31,"A","H"
22,32,"A","B"
22,33,"A","G"
22,34,"F","H"
22,35,"F","I"
22,36,"F","H"
22,37,"A","I"
22,38,"E","I"
22,39,"H","F"
22,40,"E","F"
22,41,"A","H"
22,42,"E","B"
22,43,"E","B"
22,44,"A","I"
22,45,"B","E"
22,46,"A","B"
22,47,"F","G"
22,48,"A","C"
22,49,"A","G"
22,50,"A","G"
22,51,"A","I"
22,52,"A","I"
22,53,"A","K"
22,54,"A","K"
22,55,"J","I"
22,56,"I","J"
22,57,"J","K"
22,58,"B","I"
22,59,"A","I"
22,60,"A","I"
22,61,"A","B"
22,62,"A","J"
22,63,"A","J"
22,64,"A","E"
